	Params	RMSE	MSE	MAE
0	(5, 0, 0)	 25.415349038057162	645.9399667262732	17.235735778867756
1	(1, 0, 1)	 22.624065152014072	511.84832400257756	14.741738773348235
2	(2, 0, 2)	 28.11670949175778	790.5493526439021	18.83111765268434
3	(0, 0, 5)	 28.650302851116006	820.839853460666	19.500484166394585
4	(1, 0, 0)	 22.590215643026074	510.31784279842	14.712641505008976
5	(0, 0, 1)	 22.227293981354208	494.052597733545	14.390676757947777
6	(1, 1, 1)	 22.599305724198178	510.7286192157765	14.71012874628977
7	(0, 1, 0)	 30.265911110772727	916.025375365196	19.57753366966771
8	(3, 0, 3)	 28.511734015284	812.9189765583027	19.2764733230034
