	Params	RMSE	MSE	MAE
0	(5, 0, 0)	 108.88291058591656	11855.488217660703	96.9362507694694
1	(1, 0, 1)	 82.48187410268469	6803.259555491128	66.89871703045758
2	(2, 0, 2)	 51.96460301321425	2700.3199663209557	36.50098233352389
3	(0, 0, 5)	 128.8774986543363	16609.409659398458	117.64592417672579
4	(1, 0, 0)	 85.1858270758379	7256.625134594558	69.40792961872026
5	(0, 0, 1)	 84.32142608015984	7110.102896191859	69.09558434298137
6	(3, 0, 3)	 62.59831288688932	3918.548776284893	49.93003363426454
